{
  "dataset": "Industrial_and_Scientific",
  "checkpoint": "/home/yejinxuan/yejinxuan/MGFSRec/myckpt/Industrial_and_Scientific/Jan-17-2026_03-11-d40a47_mlm0.2_cl0.4_maskratio0.5_drop0.4_dpcross0.1/best_model.pth",
  "noise_ratios": [
    0.0,
    0.01,
    0.05,
    0.1,
    0.2,
    0.3,
    0.5
  ],
  "results": {
    "0.0": {
      "recall@5": 0.03232323232323232,
      "ndcg@5": 0.02049106645668279,
      "recall@10": 0.05121114053152888,
      "ndcg@10": 0.026578665125705548
    },
    "0.01": {
      "recall@5": 0.032244777875845836,
      "ndcg@5": 0.020481781022179485,
      "recall@10": 0.05121114053152888,
      "ndcg@10": 0.02659721876390193
    },
    "0.05": {
      "recall@5": 0.03232323232323232,
      "ndcg@5": 0.020505068224294987,
      "recall@10": 0.05109345886044915,
      "ndcg@10": 0.02655610565672999
    },
    "0.1": {
      "recall@5": 0.0323036187113857,
      "ndcg@5": 0.02043676991211125,
      "recall@10": 0.051152299695989015,
      "ndcg@10": 0.026510535963986614
    },
    "0.2": {
      "recall@5": 0.032852799843091106,
      "ndcg@5": 0.020705121389098923,
      "recall@10": 0.05177993527508091,
      "ndcg@10": 0.026781458561591358
    },
    "0.3": {
      "recall@5": 0.033068549573403945,
      "ndcg@5": 0.02089834125343346,
      "recall@10": 0.051289594978915366,
      "ndcg@10": 0.026759640510215284
    },
    "0.5": {
      "recall@5": 0.03251936844169854,
      "ndcg@5": 0.020606010651908764,
      "recall@10": 0.05087770913013631,
      "ndcg@10": 0.02650281401595684
    }
  }
}